id,category,step,executed_at,inputs,outputs,db_location,notes
A0001,acquire,register-source options,2026-10-01T18:13:41+00:00,--root ./pipeline_runs/option-archive-source --source  --stream  --mode,f4834f9dec34fa190d629c241e424b53047a604a04bac13d488d89b97ae2d08e,./pipeline_runs/option-archive-source,connector=dskit.onboarding.libs.alpaca:AlpacaOptionArchiveConnector
A0002,acquire,backfill options/contracts,2026-10-01T18:13:42+00:00,--root ./pipeline_runs/option-archive-source --source options --stream contracts --mode backfill,9b7ec771caf8374d4641e4a8663cf975e0512027291ceb838afed4a455d5c894,./pipeline_runs/option-archive-source,
A0003,acquire,backfill options/bars,2026-10-01T18:13:45+00:00,--root ./pipeline_runs/option-archive-source --source options --stream bars --mode backfill,d959512723a1c3198582705a3a1b37fa511e32fa6810f3934c1514ee240935da,./pipeline_runs/option-archive-source,
A0004,acquire,backfill options/snapshots,2026-10-01T18:13:46+00:00,--root ./pipeline_runs/option-archive-source --source options --stream snapshots --mode backfill,47c4ff8d021ab0c20ccea0737edefc873387a7045c3e8c3820d0f0a1062418f4,./pipeline_runs/option-archive-source,
A0005,acquire,register-source underlying,2026-10-01T18:13:46+00:00,--root ./pipeline_runs/option-archive-source --source  --stream  --mode,8190b2677c1209e29364edc4b7de48e66f8bf08177ba54e8d0e208e01b0f7256,./pipeline_runs/option-archive-source,connector=dskit.onboarding.libs.yahoo:YahooChartArchiveConnector
A0006,acquire,backfill underlying/prices,2026-10-01T18:13:46+00:00,--root ./pipeline_runs/option-archive-source --source underlying --stream prices --mode backfill,88a7162fd59b3ed6c84f422bd82791545f46391397b3b9965ef6196cb4a91a64,./pipeline_runs/option-archive-source,
A0007,execute,stock-cdf-horizon-coverage,2026-10-01T18:14:31+00:00,stock-cdf-horizon-coverage,/home/russell/dskit-torch-decision-cdf/children/stock_options/pipeline_runs/stock-cdf-horizon-coverage-2026-10-01-1fe9e76d,/home/russell/dskit-torch-decision-cdf/children/stock_options/pipeline_runs/stock-cdf-horizon-coverage-2026-10-01-1fe9e76d,state=ran hash=1fe9e76d asof=2026-10-01
A0008,acquire,register-source options,2026-10-01T18:21:46+00:00,--root ./pipeline_runs/amzn-independent-20261001/source --source  --stream  --mode,f4834f9dec34fa190d629c241e424b53047a604a04bac13d488d89b97ae2d08e,./pipeline_runs/amzn-independent-20261001/source,connector=dskit.onboarding.libs.alpaca:AlpacaOptionArchiveConnector
A0009,acquire,backfill options/contracts,2026-10-01T18:21:47+00:00,--root ./pipeline_runs/amzn-independent-20261001/source --source options --stream contracts --mode backfill,bf673b1a17184311856074de51b4d55fca16ec4ca9bc63b2cae4d446b0b9007d,./pipeline_runs/amzn-independent-20261001/source,
A0010,acquire,backfill options/bars,2026-10-01T18:21:51+00:00,--root ./pipeline_runs/amzn-independent-20261001/source --source options --stream bars --mode backfill,04d48e47e11427a9a0e56997149ad59f55be447af9c506596a8076342b05d91b,./pipeline_runs/amzn-independent-20261001/source,
A0011,acquire,backfill options/snapshots,2026-10-01T18:21:51+00:00,--root ./pipeline_runs/amzn-independent-20261001/source --source options --stream snapshots --mode backfill,546a1bf735afe15a59cd845acc947578c1827c032d4d64c833ce7271446a7f5f,./pipeline_runs/amzn-independent-20261001/source,
A0012,acquire,register-source underlying,2026-10-01T18:21:51+00:00,--root ./pipeline_runs/amzn-independent-20261001/source --source  --stream  --mode,8190b2677c1209e29364edc4b7de48e66f8bf08177ba54e8d0e208e01b0f7256,./pipeline_runs/amzn-independent-20261001/source,connector=dskit.onboarding.libs.yahoo:YahooChartArchiveConnector
A0013,acquire,backfill underlying/prices,2026-10-01T18:21:52+00:00,--root ./pipeline_runs/amzn-independent-20261001/source --source underlying --stream prices --mode backfill,d01e8723de85de21e3db4cf0a53f0d8cfdff83afcf48392e003dc03a80946f1e,./pipeline_runs/amzn-independent-20261001/source,
A0014,execute,stock-cdf-horizon-coverage,2026-10-01T18:22:02+00:00,stock-cdf-horizon-coverage,/home/russell/dskit-torch-decision-cdf/children/stock_options/pipeline_runs/amzn-independent-20261001/outputs/stock-cdf-horizon-coverage-2026-10-01-fe0df3a8,/home/russell/dskit-torch-decision-cdf/children/stock_options/pipeline_runs/amzn-independent-20261001/outputs/stock-cdf-horizon-coverage-2026-10-01-fe0df3a8,state=ran hash=fe0df3a8 asof=2026-10-01
A0015,acquire,register-source options,2026-10-01T18:43:13+00:00,--root ./pipeline_runs/option-archive-source-v2 --source  --stream  --mode,f4834f9dec34fa190d629c241e424b53047a604a04bac13d488d89b97ae2d08e,./pipeline_runs/option-archive-source-v2,connector=dskit.onboarding.libs.alpaca:AlpacaOptionArchiveConnector
A0016,acquire,backfill options/contracts,2026-10-01T18:43:14+00:00,--root ./pipeline_runs/option-archive-source-v2 --source options --stream contracts --mode backfill,9ceffb975834a70f5cf3faae4f914a25d0bf1aedde79933bac767e630b7ec57b,./pipeline_runs/option-archive-source-v2,
A0017,acquire,backfill options/bars,2026-10-01T18:43:17+00:00,--root ./pipeline_runs/option-archive-source-v2 --source options --stream bars --mode backfill,834c6e5ffafe30969ffa0cd41868a2855f21b56d286fa366dcf990d8bb9782e2,./pipeline_runs/option-archive-source-v2,
A0018,acquire,backfill options/snapshots,2026-10-01T18:43:18+00:00,--root ./pipeline_runs/option-archive-source-v2 --source options --stream snapshots --mode backfill,70a54ea56f8f18b70f5289469878fbe862245c68aa2620a9b0ede0430e407fcd,./pipeline_runs/option-archive-source-v2,
A0019,acquire,register-source underlying,2026-10-01T18:43:18+00:00,--root ./pipeline_runs/option-archive-source-v2 --source  --stream  --mode,b762437124797b837adf7baf5c0766bdc4d301d46464b91186298bc2f88c13aa,./pipeline_runs/option-archive-source-v2,connector=dskit.onboarding.libs.yahoo:YahooChartArchiveConnector
A0020,acquire,backfill underlying/prices,2026-10-01T18:43:18+00:00,--root ./pipeline_runs/option-archive-source-v2 --source underlying --stream prices --mode backfill,977aff84bdce7c0e07b4252949d4684c2f1f91c0a3cfdd0b06ad71765a3eaa1f,./pipeline_runs/option-archive-source-v2,
A0021,execute,stock-cdf-horizon-coverage,2026-10-01T18:43:30+00:00,stock-cdf-horizon-coverage,/home/russell/dskit-torch-decision-cdf/children/stock_options/pipeline_runs/stock-cdf-horizon-coverage-2026-10-01-72b70805,/home/russell/dskit-torch-decision-cdf/children/stock_options/pipeline_runs/stock-cdf-horizon-coverage-2026-10-01-72b70805,state=ran hash=72b70805 asof=2026-10-01
A0022,acquire,register-source options,2026-10-01T18:50:36+00:00,--root ./pipeline_runs/amzn-independent-final-20261001/source --source  --stream  --mode,f4834f9dec34fa190d629c241e424b53047a604a04bac13d488d89b97ae2d08e,./pipeline_runs/amzn-independent-final-20261001/source,connector=dskit.onboarding.libs.alpaca:AlpacaOptionArchiveConnector
A0023,acquire,backfill options/contracts,2026-10-01T18:50:37+00:00,--root ./pipeline_runs/amzn-independent-final-20261001/source --source options --stream contracts --mode backfill,e3fb6d5a6b16116bf6327563e05278eead40abe39ad14b1fc48bbcc14028f06b,./pipeline_runs/amzn-independent-final-20261001/source,
A0024,acquire,backfill options/bars,2026-10-01T18:50:41+00:00,--root ./pipeline_runs/amzn-independent-final-20261001/source --source options --stream bars --mode backfill,131a317d5a34f33d03648aedd4f5b8ca73f6396049d6c92e7fe68cd2c59749ce,./pipeline_runs/amzn-independent-final-20261001/source,
A0025,acquire,backfill options/snapshots,2026-10-01T18:50:41+00:00,--root ./pipeline_runs/amzn-independent-final-20261001/source --source options --stream snapshots --mode backfill,0ee7d6e636a3ed565b3b5942f556a5dd522c65eb7e5ef1ed27b73b76c47021e0,./pipeline_runs/amzn-independent-final-20261001/source,
A0026,acquire,register-source underlying,2026-10-01T18:50:41+00:00,--root ./pipeline_runs/amzn-independent-final-20261001/source --source  --stream  --mode,b762437124797b837adf7baf5c0766bdc4d301d46464b91186298bc2f88c13aa,./pipeline_runs/amzn-independent-final-20261001/source,connector=dskit.onboarding.libs.yahoo:YahooChartArchiveConnector
A0027,acquire,backfill underlying/prices,2026-10-01T18:50:41+00:00,--root ./pipeline_runs/amzn-independent-final-20261001/source --source underlying --stream prices --mode backfill,8232cd5d815b8e36322bcc4b8167ca0795b60a046a65525432e6d066b3f46563,./pipeline_runs/amzn-independent-final-20261001/source,
A0028,execute,stock-cdf-horizon-coverage,2026-10-01T18:50:51+00:00,stock-cdf-horizon-coverage,/home/russell/dskit-torch-decision-cdf/children/stock_options/pipeline_runs/amzn-independent-final-20261001/outputs/stock-cdf-horizon-coverage-2026-10-01-a36da995,/home/russell/dskit-torch-decision-cdf/children/stock_options/pipeline_runs/amzn-independent-final-20261001/outputs/stock-cdf-horizon-coverage-2026-10-01-a36da995,state=ran hash=a36da995 asof=2026-10-01
A0029,execute,amzn-feature-availability,2026-10-01T18:57:31+00:00,amzn-feature-availability,/home/russell/dskit-torch-decision-cdf/children/stock_options/pipeline_runs/amzn-feature-availability/runs/amzn-feature-availability-2026-10-01-2df67b10,/home/russell/dskit-torch-decision-cdf/children/stock_options/pipeline_runs/amzn-feature-availability/runs/amzn-feature-availability-2026-10-01-2df67b10,state=error hash=2df67b10 asof=2026-10-01
A0030,execute,amzn-feature-availability,2026-10-01T19:00:15+00:00,amzn-feature-availability,/home/russell/dskit-torch-decision-cdf/children/stock_options/pipeline_runs/amzn-feature-availability/runs/amzn-feature-availability-2026-10-01-2df67b10,/home/russell/dskit-torch-decision-cdf/children/stock_options/pipeline_runs/amzn-feature-availability/runs/amzn-feature-availability-2026-10-01-2df67b10,state=error hash=2df67b10 asof=2026-10-01
A0031,execute,amzn-feature-availability,2026-10-01T19:01:39+00:00,amzn-feature-availability,/home/russell/dskit-torch-decision-cdf/children/stock_options/pipeline_runs/amzn-feature-availability/runs/amzn-feature-availability-2026-10-01-cfe3c76c,/home/russell/dskit-torch-decision-cdf/children/stock_options/pipeline_runs/amzn-feature-availability/runs/amzn-feature-availability-2026-10-01-cfe3c76c,state=ran hash=cfe3c76c asof=2026-10-01
A0032,execute,amzn-feature-availability,2026-10-01T19:05:18+00:00,amzn-feature-availability,/home/russell/dskit-torch-decision-cdf/children/stock_options/pipeline_runs/amzn-gap-independent-20261001/runs/amzn-feature-availability-2026-10-01-bbcfc0c2,/home/russell/dskit-torch-decision-cdf/children/stock_options/pipeline_runs/amzn-gap-independent-20261001/runs/amzn-feature-availability-2026-10-01-bbcfc0c2,state=ran hash=bbcfc0c2 asof=2026-10-01
A0033,acquire,register-source stock-amzn-alpaca,2026-10-02T16:01:34+00:00,--root /home/russell/data/stock_options/ob --source  --stream  --mode,d9ff4c558c07fc4fd02d0d82a2261cc5971d828b4474b68568a1ac5fbd8b6504,/home/russell/data/stock_options/ob,connector=localblobs
A0034,acquire,register-source stock-msft-alpaca,2026-10-02T16:01:34+00:00,--root /home/russell/data/stock_options/ob --source  --stream  --mode,c726408180f4edef9efc01255d31b8b791f32a337f1fe660889fca6a41f78f6b,/home/russell/data/stock_options/ob,connector=localblobs
A0035,acquire,register-source stock-long-history-audit,2026-10-02T16:01:34+00:00,--root /home/russell/data/stock_options/ob --source  --stream  --mode,a42542d963b45fe8325298cbc48cddbeafd174ed749b4584707e481f8311e9e7,/home/russell/data/stock_options/ob,connector=localblobs
A0036,acquire,register-source stock-orats-smv-sample,2026-10-02T16:01:34+00:00,--root /home/russell/data/stock_options/ob --source  --stream  --mode,01337ad4330e6289340d3a9c09e35aeb687d2c9123bd04ffc2054b45dae8cd0a,/home/russell/data/stock_options/ob,connector=localblobs
A0037,acquire,backfill stock-amzn-alpaca/files,2026-10-02T16:01:35+00:00,--root /home/russell/data/stock_options/ob --source stock-amzn-alpaca --stream files --mode backfill,b31bcc9e078c3570114296e49445936c3d236e1f0bf01a4d05dac74f2347688c,/home/russell/data/stock_options/ob,
A0038,acquire,backfill stock-msft-alpaca/files,2026-10-02T16:01:36+00:00,--root /home/russell/data/stock_options/ob --source stock-msft-alpaca --stream files --mode backfill,b0640bfb3fa3990a47eabbb376e1cdfee8c1c7ba89c9b9f2eb5b5552af23ce59,/home/russell/data/stock_options/ob,
A0039,acquire,backfill stock-long-history-audit/files,2026-10-02T16:01:36+00:00,--root /home/russell/data/stock_options/ob --source stock-long-history-audit --stream files --mode backfill,8e723b2103c5ca3ea8b12a44a5ea518081ee8ed971ee8932666f6edbaf046741,/home/russell/data/stock_options/ob,
A0040,acquire,backfill stock-orats-smv-sample/files,2026-10-02T16:01:36+00:00,--root /home/russell/data/stock_options/ob --source stock-orats-smv-sample --stream files --mode backfill,3867cac3c3fc84f3d981e78fdaa880320ace44576fa4db4a627432b5bebdd1e4,/home/russell/data/stock_options/ob,
